{"cameraMode":{"drawMode":0,"name":"Shaded","section":"Shading Mode"},"sceneLighting":true,"audioPlay":false,"sceneViewState":{"showFog":true,"showMaterialUpdate":false,"showSkybox":true,"showFlares":true,"showImageEffects":true,"showParticleSystems":true},"in2DMode":false,"pivot":{"x":0.0,"y":-1.9299999475479127,"z":-4.619999885559082},"rotation":{"x":0.26867717504501345,"y":-0.6371800899505615,"z":0.25302165746688845,"w":0.6766061782836914},"size":6.607396125793457,"orthographic":true}